Workbook

Sheet วิธีใช้และหมายเหตุ
A1: วิธีใช้
A2: 1 | B2: เรียนวันละ 1–2 ชั่วโมง: 5 วันเรียน + 1 วันทบทวน + 1 วันพัก ต่อสัปดาห์ (รวม 84 วัน)
A3: 2 | B3: ทำตามลำดับคอลัมน์ 📖 เรียน → 🛠️ ลงมือ → ✅ Checkpoint ถ้าตอบ Checkpoint ได้ ถือว่าผ่านวันนั้น
A4: 3 | B4: ติ๊ก ✓ ในคอลัมน์ ‘เสร็จแล้ว’ แถวจะเป็นสีเขียว และชีต ‘ความคืบหน้า’ จะอัปเดตเอง
A5: 4 | B5: ตามไม่ทันได้ — ใช้วันทบทวน (แถบสีเหลือง) ทำส่วนที่ค้าง
A7: หมายเหตุทางเทคนิค
A8: Simulator | B8: Icarus Verilog รองรับ SystemVerilog ไม่ครบ ให้ใช้ -g2012 หรือใช้ Verilator ถ้าเจอ Error กับ always_ff/always_comb
A9: Tiny Tapeout | B9: Fork Template ตั้งแต่สัปดาห์ที่ 5 เพื่อไม่ต้องย้ายโค้ดตอนท้าย Template ใช้ cocotb และรัน Flow ผ่าน GitHub Actions
A10: ข้อกำหนดแต่ละรอบ | B10: Flow ที่ใช้ ขนาดพื้นที่ จำนวนขา และกำหนดส่ง เปลี่ยนตามรอบ ตรวจที่ tinytapeout.com ก่อนเริ่มสัปดาห์ที่ 12
A11: สัปดาห์ที่ 11 | B11: ทางหลักคือดูผล Flow จาก GitHub Actions ของ TT; การติดตั้ง OpenLane บนเครื่องเองเป็นส่วนเสริม เพราะใช้เวลามากเกินกรอบ 1–2 ชม./วัน
A13: Virtuchip.AI Academy | B13: เรียนรู้ • ปรับตัว • ก้าวไปข้างหน้า

Sheet Roadmap รายวัน
A1: สัปดาห์ | B1: วันที่ | C1: ธีมของสัปดาห์ | D1: ประเภท | E1: หัวข้อ | F1: 📖 เรียน (20–30 นาที) | G1: 🛠️ ลงมือ (40–60 นาที) | H1: ✅ Checkpoint | I1: แหล่งเรียนรู้ | J1: เสร็จแล้ว | K1: บันทึกของฉัน
A2: 1 | B2: 1 | C2: ปูพื้นฐานตัวเลขและวงจรดิจิทัล | D2: เรียน | E2: Binary, Hexadecimal | F2: ระบบเลขฐาน 2/16 และการแปลงเลขฐาน | G2: แปลงเลข 10 ค่าไปมาระหว่างฐาน 10/2/16 | H2: อธิบายได้ว่าทำไม 0xFF = 255 | I2: Nandland
A3: 1 | B3: 2 | C3: ปูพื้นฐานตัวเลขและวงจรดิจิทัล | D3: เรียน | E3: Two's Complement | F3: เลขติดลบในฮาร์ดแวร์ และ Overflow | G3: หาค่า −5 แบบ 4 บิตและ 8 บิต | H3: บอกช่วงค่าของเลข 8 บิตแบบมีเครื่องหมายได้ | I3: Nandland
A4: 1 | B4: 3 | C4: ปูพื้นฐานตัวเลขและวงจรดิจิทัล | D4: เรียน | E4: Logic Gates + Truth Table | F4: AND, OR, NOT, XOR, NAND, NOR | G4: ทำ HDLBits ส่วน Basic Gates | H4: เขียน Truth Table ของ XOR ได้โดยไม่เปิดดู | I4: HDLBits
A5: 1 | B5: 4 | C5: ปูพื้นฐานตัวเลขและวงจรดิจิทัล | D5: เรียน | E5: Boolean Algebra / K-map | F5: กฎ De Morgan และการลดรูปด้วย K-map | G5: ลดรูปสมการ 3 ข้อ | H5: ลดรูปสมการ 3 ตัวแปรได้ | I5: Harris & Harris บทที่ 2
A6: 1 | B6: 5 | C6: ปูพื้นฐานตัวเลขและวงจรดิจิทัล | D6: เรียน | E6: Adder, Mux, Decoder | F6: Combinational Logic พื้นฐาน | G6: วาด Full Adder และ Mux 2:1 | H6: ต่อ Full Adder 4 ตัวเป็น 4-bit Adder ได้ | I6: Harris & Harris บทที่ 2
A7: 1 | B7: 6 | C7: ปูพื้นฐานตัวเลขและวงจรดิจิทัล | D7: ทบทวน | E7: ทบทวนสัปดาห์ที่ 1 | F7: ทวนเนื้อหาวันที่ 1–5 | G7: แบบทดสอบสั้น 10 ข้อ | H7: ทำได้ 8/10 ข้อขึ้นไป | I7: —
A8: 1 | B8: 7 | C8: ปูพื้นฐานตัวเลขและวงจรดิจิทัล | D8: พัก | E8: พัก | F8: — | G8: — | H8: — | I8: —
A9: 2 | B9: 8 | C9: Clock, Reset, Flip-Flop และ FSM | D9: เรียน | E9: Combinational vs Sequential | F9: วงจรที่ต้อง ‘จำสถานะ’ ต่างจากวงจรทั่วไปอย่างไร | G9: ยกตัวอย่างวงจรในชีวิตจริงประเภทละ 3 ตัวอย่าง | H9: อธิบายความต่างได้ใน 2 ประโยค | I9: Harris & Harris บทที่ 3
A10: 2 | B10: 9 | C10: Clock, Reset, Flip-Flop และ FSM | D10: เรียน | E10: Flip-Flop, Clock, Rising Edge | F10: D Flip-Flop และ Edge-triggered | G10: วาด Timing Diagram ของ D-FF 8 รอบ Clock | H10: ทำนาย Q ได้ถูกทุกรอบ | I10: Harris & Harris บทที่ 3
A11: 2 | B11: 10 | C11: Clock, Reset, Flip-Flop และ FSM | D11: เรียน | E11: Reset: Sync vs Async | F11: ความต่างของ Reset สองแบบในเชิงแนวคิด | G11: วาด Waveform ของ Reset ทั้งสองแบบ | H11: บอกได้ว่าแบบไหน Reset ทันทีโดยไม่รอ Clock | I11: ChipVerify
A12: 2 | B12: 11 | C12: Clock, Reset, Flip-Flop และ FSM | D12: เรียน | E12: Register และ Counter | F12: Register หลายบิต และ Counter 0–9 | G12: ออกแบบ Counter 0–9 แล้ววนกลับ (วาดบนกระดาษ) | H12: อธิบายได้ว่าเงื่อนไขวนกลับเกิดตอนไหน | I12: Harris & Harris บทที่ 3
A13: 2 | B13: 12 | C13: Clock, Reset, Flip-Flop และ FSM | D13: เรียน | E13: FSM + Setup/Hold Time | F13: State, Transition, Output และ Timing เชิงแนวคิด | G13: วาด State Diagram ไฟจราจร | H13: อธิบายได้ว่าจะเกิดอะไรขึ้นถ้า Reset ไม่ทำงาน | I13: Harris & Harris บทที่ 3
... A85: 12 | B85: 84 | C85: Tiny Tapeout และ Portfolio | D85: พัก | E85: พัก | F85: — | G85: — | H85: — | I85: —

Sheet ความคืบหน้า
A1: สัปดาห์ | B1: ธีม | C1: วันที่ต้องทำ | D1: ทำเสร็จแล้ว | E1: ความคืบหน้า
A2: 1 | B2: ปูพื้นฐานตัวเลขและวงจรดิจิทัล | C2: =COUNTIFS('Roadmap รายวัน'!$A$2:$A$85,A2,'Roadmap รายวัน'!$D$2:$D$85,"<>พัก") -> 6 | D2: =COUNTIFS('Roadmap รายวัน'!$A$2:$A$85,A2,'Roadmap รายวัน'!$J$2:$J$85,"✓",'Roadmap รายวัน'!$D$2:$D$85,"<>พัก") -> 0 | E2: =IF(C2=0,0,D2/C2) -> 0
A3: 2 | B3: Clock, Reset, Flip-Flop และ FSM | C3: =COUNTIFS('Roadmap รายวัน'!$A$2:$A$85,A3,'Roadmap รายวัน'!$D$2:$D$85,"<>พัก") -> 6 | D3: =COUNTIFS('Roadmap รายวัน'!$A$2:$A$85,A3,'Roadmap รายวัน'!$J$2:$J$85,"✓",'Roadmap รายวัน'!$D$2:$D$85,"<>พัก") -> 0 | E3: =IF(C3=0,0,D3/C3) -> 0
A4: 3 | B4: เริ่มเขียน Verilog/SystemVerilog | C4: =COUNTIFS('Roadmap รายวัน'!$A$2:$A$85,A4,'Roadmap รายวัน'!$D$2:$D$85,"<>พัก") -> 6 | D4: =COUNTIFS('Roadmap รายวัน'!$A$2:$A$85,A4,'Roadmap รายวัน'!$J$2:$J$85,"✓",'Roadmap รายวัน'!$D$2:$D$85,"<>พัก") -> 0 | E4: =IF(C4=0,0,D4/C4) -> 0
A5: 4 | B5: Simulation และการอ่าน Waveform | C5: =COUNTIFS('Roadmap รายวัน'!$A$2:$A$85,A5,'Roadmap รายวัน'!$D$2:$D$85,"<>พัก") -> 6 | D5: =COUNTIFS('Roadmap รายวัน'!$A$2:$A$85,A5,'Roadmap รายวัน'!$J$2:$J$85,"✓",'Roadmap รายวัน'!$D$2:$D$85,"<>พัก") -> 0 | E5: =IF(C5=0,0,D5/C5) -> 0
A6: 5 | B6: มินิโปรเจกต์: เขียน Specification | C6: =COUNTIFS('Roadmap รายวัน'!$A$2:$A$85,A6,'Roadmap รายวัน'!$D$2:$D$85,"<>พัก") -> 6 | D6: =COUNTIFS('Roadmap รายวัน'!$A$2:$A$85,A6,'Roadmap รายวัน'!$J$2:$J$85,"✓",'Roadmap รายวัน'!$D$2:$D$85,"<>พัก") -> 0 | E6: =IF(C6=0,0,D6/C6) -> 0
A7: 6 | B7: มินิโปรเจกต์: พัฒนา RTL ทีละส่วน | C7: =COUNTIFS('Roadmap รายวัน'!$A$2:$A$85,A7,'Roadmap รายวัน'!$D$2:$D$85,"<>พัก") -> 6 | D7: =COUNTIFS('Roadmap รายวัน'!$A$2:$A$85,A7,'Roadmap รายวัน'!$J$2:$J$85,"✓",'Roadmap รายวัน'!$D$2:$D$85,"<>พัก") -> 0 | E7: =IF(C7=0,0,D7/C7) -> 0
A8: 7 | B8: มินิโปรเจกต์: Testbench | C8: =COUNTIFS('Roadmap รายวัน'!$A$2:$A$85,A8,'Roadmap รายวัน'!$D$2:$D$85,"<>พัก") -> 6 | D8: =COUNTIFS('Roadmap รายวัน'!$A$2:$A$85,A8,'Roadmap รายวัน'!$J$2:$J$85,"✓",'Roadmap รายวัน'!$D$2:$D$85,"<>พัก") -> 0 | E8: =IF(C8=0,0,D8/C8) -> 0
A9: 8 | B9: มินิโปรเจกต์: Debug และจัดผลงาน | C9: =COUNTIFS('Roadmap รายวัน'!$A$2:$A$85,A9,'Roadmap รายวัน'!$D$2:$D$85,"<>พัก") -> 6 | D9: =COUNTIFS('Roadmap รายวัน'!$A$2:$A$85,A9,'Roadmap รายวัน'!$J$2:$J$85,"✓",'Roadmap รายวัน'!$D$2:$D$85,"<>พัก") -> 0 | E9: =IF(C9=0,0,D9/C9) -> 0
A10: 9 | B10: ทดสอบ Corner Cases | C10: =COUNTIFS('Roadmap รายวัน'!$A$2:$A$85,A10,'Roadmap รายวัน'!$D$2:$D$85,"<>พัก") -> 6 | D10: =COUNTIFS('Roadmap รายวัน'!$A$2:$A$85,A10,'Roadmap รายวัน'!$J$2:$J$85,"✓",'Roadmap รายวัน'!$D$2:$D$85,"<>พัก") -> 0 | E10: =IF(C10=0,0,D10/C10) -> 0
A11: 10 | B11: ยกระดับ Debug และ Verification | C11: =COUNTIFS('Roadmap รายวัน'!$A$2:$A$85,A11,'Roadmap รายวัน'!$D$2:$D$85,"<>พัก") -> 6 | D11: =COUNTIFS('Roadmap รายวัน'!$A$2:$A$85,A11,'Roadmap รายวัน'!$J$2:$J$85,"✓",'Roadmap รายวัน'!$D$2:$D$85,"<>พัก") -> 0 | E11: =IF(C11=0,0,D11/C11) -> 0
A12: 11 | B12: ทดลอง Open-Source ASIC Flow | C12: =COUNTIFS('Roadmap รายวัน'!$A$2:$A$85,A12,'Roadmap รายวัน'!$D$2:$D$85,"<>พัก") -> 6 | D12: =COUNTIFS('Roadmap รายวัน'!$A$2:$A$85,A12,'Roadmap รายวัน'!$J$2:$J$85,"✓",'Roadmap รายวัน'!$D$2:$D$85,"<>พัก") -> 0 | E12: =IF(C12=0,0,D12/C12) -> 0
A13: 12 | B13: Tiny Tapeout และ Portfolio | C13: =COUNTIFS('Roadmap รายวัน'!$A$2:$A$85,A13,'Roadmap รายวัน'!$D$2:$D$85,"<>พัก") -> 6 | D13: =COUNTIFS('Roadmap รายวัน'!$A$2:$A$85,A13,'Roadmap รายวัน'!$J$2:$J$85,"✓",'Roadmap รายวัน'!$D$2:$D$85,"<>พัก") -> 0 | E13: =IF(C13=0,0,D13/C13) -> 0
A14: รวม | C14: =SUM(C2:C13) -> 72 | D14: =SUM(D2:D13) -> 0 | E14: =IF(C14=0,0,D14/C14) -> 0
A16: หมายเหตุ: นับเฉพาะวันเรียน ทบทวน และ Checkpoint (ไม่นับวันพัก) — ติ๊ก ✓ ในคอลัมน์ ‘เสร็จแล้ว’ ของชีต Roadmap รายวัน แล้วตารางนี้จะอัปเดตเอง

Sheet แหล่งเรียนรู้
A1: ชื่อ | B1: ใช้ในสัปดาห์ | C1: ใช้ทำอะไร | D1: ลิงก์
A2: HDLBits | B2: 1–3 | C2: ฝึก Verilog ในเบราว์เซอร์ ไม่ต้องติดตั้ง | D2: https://hdlbits.01xz.net
A3: Nandland | B3: 1–4 | C3: บทเรียนพื้นฐานดิจิทัลและ HDL สำหรับมือใหม่ | D3: https://nandland.com
A4: ChipVerify | B4: 2–4, 10 | C4: อ้างอิง Verilog/SystemVerilog และ Assertion | D4: https://www.chipverify.com
A5: Harris & Harris — Digital Design and Computer Architecture | B5: 1–3 | C5: ตำราหลักด้าน Digital Logic (บทที่ 2–4) | D5: —
A6: Icarus Verilog | B6: 4+ | C6: Simulator (ใช้ -g2012 สำหรับ SystemVerilog; รองรับไม่ครบทุกฟีเจอร์) | D6: https://steveicarus.github.io/iverilog/
A7: Verilator | B7: 4+ | C7: Simulator และ Lint (รองรับ SystemVerilog ได้ดีกว่า) | D7: https://www.veripool.org/verilator/
A8: GTKWave | B8: 4+ | C8: ดู Waveform (.vcd) | D8: https://gtkwave.sourceforge.net
A9: cocotb | B9: 7, 10 | C9: เขียน Testbench ด้วย Python (Template ของ Tiny Tapeout ใช้) | D9: https://www.cocotb.org
A10: Tiny Tapeout | B10: 5, 8, 11–12 | C10: Template โปรเจกต์ ข้อกำหนดของแต่ละรอบ และ Flow ผ่าน GitHub Actions | D10: https://tinytapeout.com
A11: Yosys | B11: 11 | C11: Synthesis | D11: https://yosyshq.net/yosys/
A12: OpenLane docs | B12: 11 | C12: Open-source RTL-to-GDSII Flow (ส่วนเสริม) | D12: https://openlane2.readthedocs.io
A13: KLayout | B13: 11 | C13: ดูไฟล์ Layout (GDS) | D13: https://www.klayout.de
